{
  "id": "dangle",
  "angles": {
    "pelvis": -1.508378,
    "neck": 0.079478,
    "head": 0,
    "thighR": 2.666763,
    "shinR": 0.279859,
    "footR": -1.240849,
    "thighL": -2.813404,
    "shinL": -0.390607,
    "footL": 1.352127
  },
  "root": {
    "x": -2,
    "y": 16,
    "rot": 0
  }
}
