{
  "id": "hang",
  "angles": {
    "pelvis": -1.45592,
    "neck": 0.009478,
    "head": 0,
    "upperArmR": 0.050272,
    "foreArmR": -0.082007,
    "upperArmL": -0.247428,
    "foreArmL": 0.215693,
    "thighR": 2.614306,
    "shinR": 0.279859,
    "footR": -1.240849,
    "thighL": -2.865862,
    "shinL": -0.390607,
    "footL": 1.352127
  },
  "root": {
    "x": -2,
    "y": 14,
    "rot": 0
  }
}
