{
  "id": "knock",
  "angles": {
    "pelvis": -1.4158,
    "neck": 0.010152,
    "head": 0,
    "upperArmR": 1.879447,
    "foreArmR": 0.321751,
    "upperArmL": -2.277448,
    "foreArmL": -1.662642,
    "thighR": 2.267766,
    "shinR": 0.608173,
    "footR": -1.280286,
    "thighL": -2.722285,
    "shinL": -0.457196,
    "footL": 1.256292
  },
  "root": {
    "x": -3,
    "y": 16,
    "rot": 0
  }
}
