{
  "id": "swing",
  "angles": {
    "pelvis": -1.428899,
    "neck": 0,
    "head": 0,
    "upperArmR": 0.069196,
    "foreArmR": -0.086738,
    "upperArmL": -0.283794,
    "foreArmL": 0.225038,
    "thighR": 2.587285,
    "shinR": 0.657389,
    "footR": -1.524318,
    "thighL": -2.997438,
    "shinL": -0.007752,
    "footL": 0.970746
  },
  "root": {
    "x": -2,
    "y": 16,
    "rot": 0
  }
}
